Ref,Val,Package,PosX,PosY,Rot,Side
"C1","0.1uF","C_0603_1608Metric",139.450000,-175.525000,90.000000,top
"C2","0.1uF","C_0603_1608Metric",140.950000,-175.525000,90.000000,top
"C3","0.1uF","C_0603_1608Metric",70.450000,-95.025000,90.000000,top
"C4","0.1uF","C_0603_1608Metric",71.950000,-95.025000,90.000000,top
"C5","0.1uF","C_0603_1608Metric",93.450000,-95.025000,90.000000,top
"C6","0.1uF","C_0603_1608Metric",94.950000,-95.025000,90.000000,top
"C7","0.1uF","C_0603_1608Metric",116.450000,-95.025000,90.000000,top
"C8","0.1uF","C_0603_1608Metric",117.950000,-95.025000,90.000000,top
"C9","0.1uF","C_0603_1608Metric",139.450000,-95.025000,90.000000,top
"C10","0.1uF","C_0603_1608Metric",140.950000,-95.025000,90.000000,top
"C11","0.1uF","C_0603_1608Metric",70.450000,-106.525000,90.000000,top
"C12","0.1uF","C_0603_1608Metric",71.950000,-106.525000,90.000000,top
"C13","0.1uF","C_0603_1608Metric",93.450000,-106.525000,90.000000,top
"C14","0.1uF","C_0603_1608Metric",94.950000,-106.525000,90.000000,top
"C15","0.1uF","C_0603_1608Metric",116.450000,-106.525000,90.000000,top
"C16","0.1uF","C_0603_1608Metric",117.950000,-106.525000,90.000000,top
"C17","0.1uF","C_0603_1608Metric",139.450000,-106.525000,90.000000,top
"C18","0.1uF","C_0603_1608Metric",140.950000,-106.525000,90.000000,top
"C19","0.1uF","C_0603_1608Metric",70.450000,-118.025000,90.000000,top
"C20","0.1uF","C_0603_1608Metric",71.950000,-118.025000,90.000000,top
"C21","0.1uF","C_0603_1608Metric",93.450000,-118.025000,90.000000,top
"C22","0.1uF","C_0603_1608Metric",94.950000,-118.025000,90.000000,top
"C23","0.1uF","C_0603_1608Metric",116.450000,-118.025000,90.000000,top
"C24","0.1uF","C_0603_1608Metric",117.950000,-118.025000,90.000000,top
"C25","0.1uF","C_0603_1608Metric",139.450000,-118.025000,90.000000,top
"C26","0.1uF","C_0603_1608Metric",140.950000,-118.025000,90.000000,top
"C27","0.1uF","C_0603_1608Metric",70.450000,-129.525000,90.000000,top
"C28","0.1uF","C_0603_1608Metric",71.950000,-129.525000,90.000000,top
"C29","0.1uF","C_0603_1608Metric",93.450000,-129.525000,90.000000,top
"C30","0.1uF","C_0603_1608Metric",94.950000,-129.525000,90.000000,top
"C31","0.1uF","C_0603_1608Metric",116.450000,-129.525000,90.000000,top
"C32","0.1uF","C_0603_1608Metric",117.950000,-129.525000,90.000000,top
"C33","0.1uF","C_0603_1608Metric",139.450000,-129.525000,90.000000,top
"C34","0.1uF","C_0603_1608Metric",140.950000,-129.525000,90.000000,top
"C35","0.1uF","C_0603_1608Metric",70.450000,-141.025000,90.000000,top
"C36","0.1uF","C_0603_1608Metric",71.950000,-141.025000,90.000000,top
"C37","0.1uF","C_0603_1608Metric",93.450000,-141.025000,90.000000,top
"C38","0.1uF","C_0603_1608Metric",94.950000,-141.025000,90.000000,top
"C39","0.1uF","C_0603_1608Metric",116.450000,-141.025000,90.000000,top
"C40","0.1uF","C_0603_1608Metric",117.950000,-141.025000,90.000000,top
"C41","0.1uF","C_0603_1608Metric",139.450000,-141.025000,90.000000,top
"C42","0.1uF","C_0603_1608Metric",140.950000,-141.025000,90.000000,top
"C43","0.1uF","C_0603_1608Metric",70.450000,-152.525000,90.000000,top
"C44","0.1uF","C_0603_1608Metric",71.950000,-152.525000,90.000000,top
"C45","0.1uF","C_0603_1608Metric",93.450000,-152.525000,90.000000,top
"C46","0.1uF","C_0603_1608Metric",94.950000,-152.525000,90.000000,top
"C47","0.1uF","C_0603_1608Metric",116.450000,-152.525000,90.000000,top
"C48","0.1uF","C_0603_1608Metric",117.950000,-152.525000,90.000000,top
"C49","0.1uF","C_0603_1608Metric",139.450000,-152.525000,90.000000,top
"C50","0.1uF","C_0603_1608Metric",140.950000,-152.525000,90.000000,top
"C51","0.1uF","C_0603_1608Metric",70.450000,-164.025000,90.000000,top
"C52","0.1uF","C_0603_1608Metric",71.950000,-164.025000,90.000000,top
"C53","0.1uF","C_0603_1608Metric",93.450000,-164.025000,90.000000,top
"C54","0.1uF","C_0603_1608Metric",94.950000,-164.025000,90.000000,top
"C55","0.1uF","C_0603_1608Metric",116.450000,-164.025000,90.000000,top
"C56","0.1uF","C_0603_1608Metric",117.950000,-164.025000,90.000000,top
"C57","0.1uF","C_0603_1608Metric",139.450000,-164.025000,90.000000,top
"C58","0.1uF","C_0603_1608Metric",140.950000,-164.025000,90.000000,top
"C59","0.1uF","C_0603_1608Metric",70.450000,-175.525000,90.000000,top
"C60","0.1uF","C_0603_1608Metric",71.950000,-175.525000,90.000000,top
"C61","0.1uF","C_0603_1608Metric",93.450000,-175.525000,90.000000,top
"C62","0.1uF","C_0603_1608Metric",94.950000,-175.525000,90.000000,top
"C63","0.1uF","C_0603_1608Metric",116.450000,-175.525000,90.000000,top
"C64","0.1uF","C_0603_1608Metric",117.950000,-175.525000,90.000000,top
"D1","Blue","LED_0603_1608Metric",136.662500,-169.250000,0.000000,top
"D2","Green","LED_0603_1608Metric",139.737500,-169.250000,0.000000,top
"D3","Blue","LED_0603_1608Metric",67.662500,-88.750000,0.000000,top
"D4","Green","LED_0603_1608Metric",70.737500,-88.750000,0.000000,top
"D5","Blue","LED_0603_1608Metric",90.662500,-88.750000,0.000000,top
"D6","Green","LED_0603_1608Metric",93.737500,-88.750000,0.000000,top
"D7","Blue","LED_0603_1608Metric",113.662500,-88.750000,0.000000,top
"D8","Green","LED_0603_1608Metric",116.737500,-88.750000,0.000000,top
"D9","Blue","LED_0603_1608Metric",136.662500,-88.750000,0.000000,top
"D10","Green","LED_0603_1608Metric",139.737500,-88.750000,0.000000,top
"D11","Blue","LED_0603_1608Metric",67.662500,-100.250000,0.000000,top
"D12","Green","LED_0603_1608Metric",70.737500,-100.250000,0.000000,top
"D13","Blue","LED_0603_1608Metric",90.662500,-100.250000,0.000000,top
"D14","Green","LED_0603_1608Metric",93.737500,-100.250000,0.000000,top
"D15","Blue","LED_0603_1608Metric",113.662500,-100.250000,0.000000,top
"D16","Green","LED_0603_1608Metric",116.737500,-100.250000,0.000000,top
"D17","Blue","LED_0603_1608Metric",136.662500,-100.250000,0.000000,top
"D18","Green","LED_0603_1608Metric",139.737500,-100.250000,0.000000,top
"D19","Blue","LED_0603_1608Metric",67.662500,-111.750000,0.000000,top
"D20","Green","LED_0603_1608Metric",70.737500,-111.750000,0.000000,top
"D21","Blue","LED_0603_1608Metric",90.662500,-111.750000,0.000000,top
"D22","Green","LED_0603_1608Metric",93.737500,-111.750000,0.000000,top
"D23","Blue","LED_0603_1608Metric",113.662500,-111.750000,0.000000,top
"D24","Green","LED_0603_1608Metric",116.737500,-111.750000,0.000000,top
"D25","Blue","LED_0603_1608Metric",136.662500,-111.750000,0.000000,top
"D26","Green","LED_0603_1608Metric",139.737500,-111.750000,0.000000,top
"D27","Blue","LED_0603_1608Metric",67.662500,-123.250000,0.000000,top
"D28","Green","LED_0603_1608Metric",70.737500,-123.250000,0.000000,top
"D29","Blue","LED_0603_1608Metric",90.662500,-123.250000,0.000000,top
"D30","Green","LED_0603_1608Metric",93.737500,-123.250000,0.000000,top
"D31","Blue","LED_0603_1608Metric",113.662500,-123.250000,0.000000,top
"D32","Green","LED_0603_1608Metric",116.737500,-123.250000,0.000000,top
"D33","Blue","LED_0603_1608Metric",136.662500,-123.250000,0.000000,top
"D34","Green","LED_0603_1608Metric",139.737500,-123.250000,0.000000,top
"D35","Blue","LED_0603_1608Metric",67.662500,-134.750000,0.000000,top
"D36","Green","LED_0603_1608Metric",70.737500,-134.750000,0.000000,top
"D37","Blue","LED_0603_1608Metric",90.662500,-134.750000,0.000000,top
"D38","Green","LED_0603_1608Metric",93.737500,-134.750000,0.000000,top
"D39","Blue","LED_0603_1608Metric",113.662500,-134.750000,0.000000,top
"D40","Green","LED_0603_1608Metric",116.737500,-134.750000,0.000000,top
"D41","Blue","LED_0603_1608Metric",136.662500,-134.750000,0.000000,top
"D42","Green","LED_0603_1608Metric",139.737500,-134.750000,0.000000,top
"D43","Blue","LED_0603_1608Metric",67.662500,-146.250000,0.000000,top
"D44","Green","LED_0603_1608Metric",70.737500,-146.250000,0.000000,top
"D45","Blue","LED_0603_1608Metric",90.662500,-146.250000,0.000000,top
"D46","Green","LED_0603_1608Metric",93.737500,-146.250000,0.000000,top
"D47","Blue","LED_0603_1608Metric",113.662500,-146.250000,0.000000,top
"D48","Green","LED_0603_1608Metric",116.737500,-146.250000,0.000000,top
"D49","Blue","LED_0603_1608Metric",136.662500,-146.250000,0.000000,top
"D50","Green","LED_0603_1608Metric",139.737500,-146.250000,0.000000,top
"D51","Blue","LED_0603_1608Metric",67.662500,-157.750000,0.000000,top
"D52","Green","LED_0603_1608Metric",70.737500,-157.750000,0.000000,top
"D53","Blue","LED_0603_1608Metric",90.662500,-157.750000,0.000000,top
"D54","Green","LED_0603_1608Metric",93.737500,-157.750000,0.000000,top
"D55","Blue","LED_0603_1608Metric",113.662500,-157.750000,0.000000,top
"D56","Green","LED_0603_1608Metric",116.737500,-157.750000,0.000000,top
"D57","Blue","LED_0603_1608Metric",136.662500,-157.750000,0.000000,top
"D58","Green","LED_0603_1608Metric",139.737500,-157.750000,0.000000,top
"D59","Blue","LED_0603_1608Metric",67.662500,-169.250000,0.000000,top
"D60","Green","LED_0603_1608Metric",70.737500,-169.250000,0.000000,top
"D61","Blue","LED_0603_1608Metric",90.662500,-169.250000,0.000000,top
"D62","Green","LED_0603_1608Metric",93.737500,-169.250000,0.000000,top
"D63","Blue","LED_0603_1608Metric",113.662500,-169.250000,0.000000,top
"D64","Green","LED_0603_1608Metric",116.737500,-169.250000,0.000000,top
"J1","USB_C_Receptacle_USB2.0_16P","USB_C_Receptacle_GCT_USB4105-xx-A_16P_TopMnt_Horizontal",130.200000,-173.750000,-90.000000,top
"J2","Conn_01x06_Pin","Wuerth_WR-WTB_64800611622_1x06_P1.50mm_Vertical",147.700000,-170.000000,-90.000000,top
"J4","USB_C_Receptacle_USB2.0_16P","USB_C_Receptacle_GCT_USB4105-xx-A_16P_TopMnt_Horizontal",61.200000,-93.250000,-90.000000,top
"J5","Conn_01x06_Pin","Wuerth_WR-WTB_64800611622_1x06_P1.50mm_Vertical",78.700000,-89.500000,-90.000000,top
"J7","USB_C_Receptacle_USB2.0_16P","USB_C_Receptacle_GCT_USB4105-xx-A_16P_TopMnt_Horizontal",84.200000,-93.250000,-90.000000,top
"J8","Conn_01x06_Pin","Wuerth_WR-WTB_64800611622_1x06_P1.50mm_Vertical",101.700000,-89.500000,-90.000000,top
"J10","USB_C_Receptacle_USB2.0_16P","USB_C_Receptacle_GCT_USB4105-xx-A_16P_TopMnt_Horizontal",107.200000,-93.250000,-90.000000,top
"J11","Conn_01x06_Pin","Wuerth_WR-WTB_64800611622_1x06_P1.50mm_Vertical",124.700000,-89.500000,-90.000000,top
"J13","USB_C_Receptacle_USB2.0_16P","USB_C_Receptacle_GCT_USB4105-xx-A_16P_TopMnt_Horizontal",130.200000,-93.250000,-90.000000,top
"J14","Conn_01x06_Pin","Wuerth_WR-WTB_64800611622_1x06_P1.50mm_Vertical",147.700000,-89.500000,-90.000000,top
"J16","USB_C_Receptacle_USB2.0_16P","USB_C_Receptacle_GCT_USB4105-xx-A_16P_TopMnt_Horizontal",61.200000,-104.750000,-90.000000,top
"J17","Conn_01x06_Pin","Wuerth_WR-WTB_64800611622_1x06_P1.50mm_Vertical",78.700000,-101.000000,-90.000000,top
"J19","USB_C_Receptacle_USB2.0_16P","USB_C_Receptacle_GCT_USB4105-xx-A_16P_TopMnt_Horizontal",84.200000,-104.750000,-90.000000,top
"J20","Conn_01x06_Pin","Wuerth_WR-WTB_64800611622_1x06_P1.50mm_Vertical",101.700000,-101.000000,-90.000000,top
"J22","USB_C_Receptacle_USB2.0_16P","USB_C_Receptacle_GCT_USB4105-xx-A_16P_TopMnt_Horizontal",107.200000,-104.750000,-90.000000,top
"J23","Conn_01x06_Pin","Wuerth_WR-WTB_64800611622_1x06_P1.50mm_Vertical",124.700000,-101.000000,-90.000000,top
"J25","USB_C_Receptacle_USB2.0_16P","USB_C_Receptacle_GCT_USB4105-xx-A_16P_TopMnt_Horizontal",130.200000,-104.750000,-90.000000,top
"J26","Conn_01x06_Pin","Wuerth_WR-WTB_64800611622_1x06_P1.50mm_Vertical",147.700000,-101.000000,-90.000000,top
"J28","USB_C_Receptacle_USB2.0_16P","USB_C_Receptacle_GCT_USB4105-xx-A_16P_TopMnt_Horizontal",61.200000,-116.250000,-90.000000,top
"J29","Conn_01x06_Pin","Wuerth_WR-WTB_64800611622_1x06_P1.50mm_Vertical",78.700000,-112.500000,-90.000000,top
"J31","USB_C_Receptacle_USB2.0_16P","USB_C_Receptacle_GCT_USB4105-xx-A_16P_TopMnt_Horizontal",84.200000,-116.250000,-90.000000,top
"J32","Conn_01x06_Pin","Wuerth_WR-WTB_64800611622_1x06_P1.50mm_Vertical",101.700000,-112.500000,-90.000000,top
"J34","USB_C_Receptacle_USB2.0_16P","USB_C_Receptacle_GCT_USB4105-xx-A_16P_TopMnt_Horizontal",107.200000,-116.250000,-90.000000,top
"J35","Conn_01x06_Pin","Wuerth_WR-WTB_64800611622_1x06_P1.50mm_Vertical",124.700000,-112.500000,-90.000000,top
"J37","USB_C_Receptacle_USB2.0_16P","USB_C_Receptacle_GCT_USB4105-xx-A_16P_TopMnt_Horizontal",130.200000,-116.250000,-90.000000,top
"J38","Conn_01x06_Pin","Wuerth_WR-WTB_64800611622_1x06_P1.50mm_Vertical",147.700000,-112.500000,-90.000000,top
"J40","USB_C_Receptacle_USB2.0_16P","USB_C_Receptacle_GCT_USB4105-xx-A_16P_TopMnt_Horizontal",61.200000,-127.750000,-90.000000,top
"J41","Conn_01x06_Pin","Wuerth_WR-WTB_64800611622_1x06_P1.50mm_Vertical",78.700000,-124.000000,-90.000000,top
"J43","USB_C_Receptacle_USB2.0_16P","USB_C_Receptacle_GCT_USB4105-xx-A_16P_TopMnt_Horizontal",84.200000,-127.750000,-90.000000,top
"J44","Conn_01x06_Pin","Wuerth_WR-WTB_64800611622_1x06_P1.50mm_Vertical",101.700000,-124.000000,-90.000000,top
"J46","USB_C_Receptacle_USB2.0_16P","USB_C_Receptacle_GCT_USB4105-xx-A_16P_TopMnt_Horizontal",107.200000,-127.750000,-90.000000,top
"J47","Conn_01x06_Pin","Wuerth_WR-WTB_64800611622_1x06_P1.50mm_Vertical",124.700000,-124.000000,-90.000000,top
"J49","USB_C_Receptacle_USB2.0_16P","USB_C_Receptacle_GCT_USB4105-xx-A_16P_TopMnt_Horizontal",130.200000,-127.750000,-90.000000,top
"J50","Conn_01x06_Pin","Wuerth_WR-WTB_64800611622_1x06_P1.50mm_Vertical",147.700000,-124.000000,-90.000000,top
"J52","USB_C_Receptacle_USB2.0_16P","USB_C_Receptacle_GCT_USB4105-xx-A_16P_TopMnt_Horizontal",61.200000,-139.250000,-90.000000,top
"J53","Conn_01x06_Pin","Wuerth_WR-WTB_64800611622_1x06_P1.50mm_Vertical",78.700000,-135.500000,-90.000000,top
"J55","USB_C_Receptacle_USB2.0_16P","USB_C_Receptacle_GCT_USB4105-xx-A_16P_TopMnt_Horizontal",84.200000,-139.250000,-90.000000,top
"J56","Conn_01x06_Pin","Wuerth_WR-WTB_64800611622_1x06_P1.50mm_Vertical",101.700000,-135.500000,-90.000000,top
"J58","USB_C_Receptacle_USB2.0_16P","USB_C_Receptacle_GCT_USB4105-xx-A_16P_TopMnt_Horizontal",107.200000,-139.250000,-90.000000,top
"J59","Conn_01x06_Pin","Wuerth_WR-WTB_64800611622_1x06_P1.50mm_Vertical",124.700000,-135.500000,-90.000000,top
"J61","USB_C_Receptacle_USB2.0_16P","USB_C_Receptacle_GCT_USB4105-xx-A_16P_TopMnt_Horizontal",130.200000,-139.250000,-90.000000,top
"J62","Conn_01x06_Pin","Wuerth_WR-WTB_64800611622_1x06_P1.50mm_Vertical",147.700000,-135.500000,-90.000000,top
"J64","USB_C_Receptacle_USB2.0_16P","USB_C_Receptacle_GCT_USB4105-xx-A_16P_TopMnt_Horizontal",61.200000,-150.750000,-90.000000,top
"J65","Conn_01x06_Pin","Wuerth_WR-WTB_64800611622_1x06_P1.50mm_Vertical",78.700000,-147.000000,-90.000000,top
"J67","USB_C_Receptacle_USB2.0_16P","USB_C_Receptacle_GCT_USB4105-xx-A_16P_TopMnt_Horizontal",84.200000,-150.750000,-90.000000,top
"J68","Conn_01x06_Pin","Wuerth_WR-WTB_64800611622_1x06_P1.50mm_Vertical",101.700000,-147.000000,-90.000000,top
"J70","USB_C_Receptacle_USB2.0_16P","USB_C_Receptacle_GCT_USB4105-xx-A_16P_TopMnt_Horizontal",107.200000,-150.750000,-90.000000,top
"J71","Conn_01x06_Pin","Wuerth_WR-WTB_64800611622_1x06_P1.50mm_Vertical",124.700000,-147.000000,-90.000000,top
"J73","USB_C_Receptacle_USB2.0_16P","USB_C_Receptacle_GCT_USB4105-xx-A_16P_TopMnt_Horizontal",130.200000,-150.750000,-90.000000,top
"J74","Conn_01x06_Pin","Wuerth_WR-WTB_64800611622_1x06_P1.50mm_Vertical",147.700000,-147.000000,-90.000000,top
"J76","USB_C_Receptacle_USB2.0_16P","USB_C_Receptacle_GCT_USB4105-xx-A_16P_TopMnt_Horizontal",61.200000,-162.250000,-90.000000,top
"J77","Conn_01x06_Pin","Wuerth_WR-WTB_64800611622_1x06_P1.50mm_Vertical",78.700000,-158.500000,-90.000000,top
"J79","USB_C_Receptacle_USB2.0_16P","USB_C_Receptacle_GCT_USB4105-xx-A_16P_TopMnt_Horizontal",84.200000,-162.250000,-90.000000,top
"J80","Conn_01x06_Pin","Wuerth_WR-WTB_64800611622_1x06_P1.50mm_Vertical",101.700000,-158.500000,-90.000000,top
"J82","USB_C_Receptacle_USB2.0_16P","USB_C_Receptacle_GCT_USB4105-xx-A_16P_TopMnt_Horizontal",107.200000,-162.250000,-90.000000,top
"J83","Conn_01x06_Pin","Wuerth_WR-WTB_64800611622_1x06_P1.50mm_Vertical",124.700000,-158.500000,-90.000000,top
"J85","USB_C_Receptacle_USB2.0_16P","USB_C_Receptacle_GCT_USB4105-xx-A_16P_TopMnt_Horizontal",130.200000,-162.250000,-90.000000,top
"J86","Conn_01x06_Pin","Wuerth_WR-WTB_64800611622_1x06_P1.50mm_Vertical",147.700000,-158.500000,-90.000000,top
"J88","USB_C_Receptacle_USB2.0_16P","USB_C_Receptacle_GCT_USB4105-xx-A_16P_TopMnt_Horizontal",61.200000,-173.750000,-90.000000,top
"J89","Conn_01x06_Pin","Wuerth_WR-WTB_64800611622_1x06_P1.50mm_Vertical",78.700000,-170.000000,-90.000000,top
"J91","USB_C_Receptacle_USB2.0_16P","USB_C_Receptacle_GCT_USB4105-xx-A_16P_TopMnt_Horizontal",84.200000,-173.750000,-90.000000,top
"J92","Conn_01x06_Pin","Wuerth_WR-WTB_64800611622_1x06_P1.50mm_Vertical",101.700000,-170.000000,-90.000000,top
"J94","USB_C_Receptacle_USB2.0_16P","USB_C_Receptacle_GCT_USB4105-xx-A_16P_TopMnt_Horizontal",107.200000,-173.750000,-90.000000,top
"J95","Conn_01x06_Pin","Wuerth_WR-WTB_64800611622_1x06_P1.50mm_Vertical",124.700000,-170.000000,-90.000000,top
"R1","5.1kΩ","R_0603_1608Metric",143.375000,-176.950000,0.000000,top
"R2","5.1kΩ","R_0603_1608Metric",143.375000,-178.450000,0.000000,top
"R3","1kΩ","R_0603_1608Metric",143.375000,-175.250000,0.000000,top
"R4","1kΩ","R_0603_1608Metric",143.375000,-173.750000,0.000000,top
"R5","10kΩ","R_0603_1608Metric",136.625000,-178.250000,0.000000,top
"R6","100Ω","R_0603_1608Metric",143.375000,-172.250000,180.000000,top
"R7","100Ω","R_0603_1608Metric",143.375000,-170.750000,0.000000,top
"R8","100Ω","R_0603_1608Metric",143.375000,-169.250000,0.000000,top
"R9","5.1kΩ","R_0603_1608Metric",74.375000,-96.450000,0.000000,top
"R10","5.1kΩ","R_0603_1608Metric",74.375000,-97.950000,0.000000,top
"R11","1kΩ","R_0603_1608Metric",74.375000,-94.750000,0.000000,top
"R12","1kΩ","R_0603_1608Metric",74.375000,-93.250000,0.000000,top
"R13","10kΩ","R_0603_1608Metric",67.625000,-97.750000,0.000000,top
"R14","100Ω","R_0603_1608Metric",74.375000,-91.750000,180.000000,top
"R15","100Ω","R_0603_1608Metric",74.375000,-90.250000,0.000000,top
"R16","100Ω","R_0603_1608Metric",74.375000,-88.750000,0.000000,top
"R17","5.1kΩ","R_0603_1608Metric",97.375000,-96.450000,0.000000,top
"R18","5.1kΩ","R_0603_1608Metric",97.375000,-97.950000,0.000000,top
"R19","1kΩ","R_0603_1608Metric",97.375000,-94.750000,0.000000,top
"R20","1kΩ","R_0603_1608Metric",97.375000,-93.250000,0.000000,top
"R21","10kΩ","R_0603_1608Metric",90.625000,-97.750000,0.000000,top
"R22","100Ω","R_0603_1608Metric",97.375000,-91.750000,180.000000,top
"R23","100Ω","R_0603_1608Metric",97.375000,-90.250000,0.000000,top
"R24","100Ω","R_0603_1608Metric",97.375000,-88.750000,0.000000,top
"R25","5.1kΩ","R_0603_1608Metric",120.375000,-96.450000,0.000000,top
"R26","5.1kΩ","R_0603_1608Metric",120.375000,-97.950000,0.000000,top
"R27","1kΩ","R_0603_1608Metric",120.375000,-94.750000,0.000000,top
"R28","1kΩ","R_0603_1608Metric",120.375000,-93.250000,0.000000,top
"R29","10kΩ","R_0603_1608Metric",113.625000,-97.750000,0.000000,top
"R30","100Ω","R_0603_1608Metric",120.375000,-91.750000,180.000000,top
"R31","100Ω","R_0603_1608Metric",120.375000,-90.250000,0.000000,top
"R32","100Ω","R_0603_1608Metric",120.375000,-88.750000,0.000000,top
"R33","5.1kΩ","R_0603_1608Metric",143.375000,-96.450000,0.000000,top
"R34","5.1kΩ","R_0603_1608Metric",143.375000,-97.950000,0.000000,top
"R35","1kΩ","R_0603_1608Metric",143.375000,-94.750000,0.000000,top
"R36","1kΩ","R_0603_1608Metric",143.375000,-93.250000,0.000000,top
"R37","10kΩ","R_0603_1608Metric",136.625000,-97.750000,0.000000,top
"R38","100Ω","R_0603_1608Metric",143.375000,-91.750000,180.000000,top
"R39","100Ω","R_0603_1608Metric",143.375000,-90.250000,0.000000,top
"R40","100Ω","R_0603_1608Metric",143.375000,-88.750000,0.000000,top
"R41","5.1kΩ","R_0603_1608Metric",74.375000,-107.950000,0.000000,top
"R42","5.1kΩ","R_0603_1608Metric",74.375000,-109.450000,0.000000,top
"R43","1kΩ","R_0603_1608Metric",74.375000,-106.250000,0.000000,top
"R44","1kΩ","R_0603_1608Metric",74.375000,-104.750000,0.000000,top
"R45","10kΩ","R_0603_1608Metric",67.625000,-109.250000,0.000000,top
"R46","100Ω","R_0603_1608Metric",74.375000,-103.250000,180.000000,top
"R47","100Ω","R_0603_1608Metric",74.375000,-101.750000,0.000000,top
"R48","100Ω","R_0603_1608Metric",74.375000,-100.250000,0.000000,top
"R49","5.1kΩ","R_0603_1608Metric",97.375000,-107.950000,0.000000,top
"R50","5.1kΩ","R_0603_1608Metric",97.375000,-109.450000,0.000000,top
"R51","1kΩ","R_0603_1608Metric",97.375000,-106.250000,0.000000,top
"R52","1kΩ","R_0603_1608Metric",97.375000,-104.750000,0.000000,top
"R53","10kΩ","R_0603_1608Metric",90.625000,-109.250000,0.000000,top
"R54","100Ω","R_0603_1608Metric",97.375000,-103.250000,180.000000,top
"R55","100Ω","R_0603_1608Metric",97.375000,-101.750000,0.000000,top
"R56","100Ω","R_0603_1608Metric",97.375000,-100.250000,0.000000,top
"R57","5.1kΩ","R_0603_1608Metric",120.375000,-107.950000,0.000000,top
"R58","5.1kΩ","R_0603_1608Metric",120.375000,-109.450000,0.000000,top
"R59","1kΩ","R_0603_1608Metric",120.375000,-106.250000,0.000000,top
"R60","1kΩ","R_0603_1608Metric",120.375000,-104.750000,0.000000,top
"R61","10kΩ","R_0603_1608Metric",113.625000,-109.250000,0.000000,top
"R62","100Ω","R_0603_1608Metric",120.375000,-103.250000,180.000000,top
"R63","100Ω","R_0603_1608Metric",120.375000,-101.750000,0.000000,top
"R64","100Ω","R_0603_1608Metric",120.375000,-100.250000,0.000000,top
"R65","5.1kΩ","R_0603_1608Metric",143.375000,-107.950000,0.000000,top
"R66","5.1kΩ","R_0603_1608Metric",143.375000,-109.450000,0.000000,top
"R67","1kΩ","R_0603_1608Metric",143.375000,-106.250000,0.000000,top
"R68","1kΩ","R_0603_1608Metric",143.375000,-104.750000,0.000000,top
"R69","10kΩ","R_0603_1608Metric",136.625000,-109.250000,0.000000,top
"R70","100Ω","R_0603_1608Metric",143.375000,-103.250000,180.000000,top
"R71","100Ω","R_0603_1608Metric",143.375000,-101.750000,0.000000,top
"R72","100Ω","R_0603_1608Metric",143.375000,-100.250000,0.000000,top
"R73","5.1kΩ","R_0603_1608Metric",74.375000,-119.450000,0.000000,top
"R74","5.1kΩ","R_0603_1608Metric",74.375000,-120.950000,0.000000,top
"R75","1kΩ","R_0603_1608Metric",74.375000,-117.750000,0.000000,top
"R76","1kΩ","R_0603_1608Metric",74.375000,-116.250000,0.000000,top
"R77","10kΩ","R_0603_1608Metric",67.625000,-120.750000,0.000000,top
"R78","100Ω","R_0603_1608Metric",74.375000,-114.750000,180.000000,top
"R79","100Ω","R_0603_1608Metric",74.375000,-113.250000,0.000000,top
"R80","100Ω","R_0603_1608Metric",74.375000,-111.750000,0.000000,top
"R81","5.1kΩ","R_0603_1608Metric",97.375000,-119.450000,0.000000,top
"R82","5.1kΩ","R_0603_1608Metric",97.375000,-120.950000,0.000000,top
"R83","1kΩ","R_0603_1608Metric",97.375000,-117.750000,0.000000,top
"R84","1kΩ","R_0603_1608Metric",97.375000,-116.250000,0.000000,top
"R85","10kΩ","R_0603_1608Metric",90.625000,-120.750000,0.000000,top
"R86","100Ω","R_0603_1608Metric",97.375000,-114.750000,180.000000,top
"R87","100Ω","R_0603_1608Metric",97.375000,-113.250000,0.000000,top
"R88","100Ω","R_0603_1608Metric",97.375000,-111.750000,0.000000,top
"R89","5.1kΩ","R_0603_1608Metric",120.375000,-119.450000,0.000000,top
"R90","5.1kΩ","R_0603_1608Metric",120.375000,-120.950000,0.000000,top
"R91","1kΩ","R_0603_1608Metric",120.375000,-117.750000,0.000000,top
"R92","1kΩ","R_0603_1608Metric",120.375000,-116.250000,0.000000,top
"R93","10kΩ","R_0603_1608Metric",113.625000,-120.750000,0.000000,top
"R94","100Ω","R_0603_1608Metric",120.375000,-114.750000,180.000000,top
"R95","100Ω","R_0603_1608Metric",120.375000,-113.250000,0.000000,top
"R96","100Ω","R_0603_1608Metric",120.375000,-111.750000,0.000000,top
"R97","5.1kΩ","R_0603_1608Metric",143.375000,-119.450000,0.000000,top
"R98","5.1kΩ","R_0603_1608Metric",143.375000,-120.950000,0.000000,top
"R99","1kΩ","R_0603_1608Metric",143.375000,-117.750000,0.000000,top
"R100","1kΩ","R_0603_1608Metric",143.375000,-116.250000,0.000000,top
"R101","10kΩ","R_0603_1608Metric",136.625000,-120.750000,0.000000,top
"R102","100Ω","R_0603_1608Metric",143.375000,-114.750000,180.000000,top
"R103","100Ω","R_0603_1608Metric",143.375000,-113.250000,0.000000,top
"R104","100Ω","R_0603_1608Metric",143.375000,-111.750000,0.000000,top
"R105","5.1kΩ","R_0603_1608Metric",74.375000,-130.950000,0.000000,top
"R106","5.1kΩ","R_0603_1608Metric",74.375000,-132.450000,0.000000,top
"R107","1kΩ","R_0603_1608Metric",74.375000,-129.250000,0.000000,top
"R108","1kΩ","R_0603_1608Metric",74.375000,-127.750000,0.000000,top
"R109","10kΩ","R_0603_1608Metric",67.625000,-132.250000,0.000000,top
"R110","100Ω","R_0603_1608Metric",74.375000,-126.250000,180.000000,top
"R111","100Ω","R_0603_1608Metric",74.375000,-124.750000,0.000000,top
"R112","100Ω","R_0603_1608Metric",74.375000,-123.250000,0.000000,top
"R113","5.1kΩ","R_0603_1608Metric",97.375000,-130.950000,0.000000,top
"R114","5.1kΩ","R_0603_1608Metric",97.375000,-132.450000,0.000000,top
"R115","1kΩ","R_0603_1608Metric",97.375000,-129.250000,0.000000,top
"R116","1kΩ","R_0603_1608Metric",97.375000,-127.750000,0.000000,top
"R117","10kΩ","R_0603_1608Metric",90.625000,-132.250000,0.000000,top
"R118","100Ω","R_0603_1608Metric",97.375000,-126.250000,180.000000,top
"R119","100Ω","R_0603_1608Metric",97.375000,-124.750000,0.000000,top
"R120","100Ω","R_0603_1608Metric",97.375000,-123.250000,0.000000,top
"R121","5.1kΩ","R_0603_1608Metric",120.375000,-130.950000,0.000000,top
"R122","5.1kΩ","R_0603_1608Metric",120.375000,-132.450000,0.000000,top
"R123","1kΩ","R_0603_1608Metric",120.375000,-129.250000,0.000000,top
"R124","1kΩ","R_0603_1608Metric",120.375000,-127.750000,0.000000,top
"R125","10kΩ","R_0603_1608Metric",113.625000,-132.250000,0.000000,top
"R126","100Ω","R_0603_1608Metric",120.375000,-126.250000,180.000000,top
"R127","100Ω","R_0603_1608Metric",120.375000,-124.750000,0.000000,top
"R128","100Ω","R_0603_1608Metric",120.375000,-123.250000,0.000000,top
"R129","5.1kΩ","R_0603_1608Metric",143.375000,-130.950000,0.000000,top
"R130","5.1kΩ","R_0603_1608Metric",143.375000,-132.450000,0.000000,top
"R131","1kΩ","R_0603_1608Metric",143.375000,-129.250000,0.000000,top
"R132","1kΩ","R_0603_1608Metric",143.375000,-127.750000,0.000000,top
"R133","10kΩ","R_0603_1608Metric",136.625000,-132.250000,0.000000,top
"R134","100Ω","R_0603_1608Metric",143.375000,-126.250000,180.000000,top
"R135","100Ω","R_0603_1608Metric",143.375000,-124.750000,0.000000,top
"R136","100Ω","R_0603_1608Metric",143.375000,-123.250000,0.000000,top
"R137","5.1kΩ","R_0603_1608Metric",74.375000,-142.450000,0.000000,top
"R138","5.1kΩ","R_0603_1608Metric",74.375000,-143.950000,0.000000,top
"R139","1kΩ","R_0603_1608Metric",74.375000,-140.750000,0.000000,top
"R140","1kΩ","R_0603_1608Metric",74.375000,-139.250000,0.000000,top
"R141","10kΩ","R_0603_1608Metric",67.625000,-143.750000,0.000000,top
"R142","100Ω","R_0603_1608Metric",74.375000,-137.750000,180.000000,top
"R143","100Ω","R_0603_1608Metric",74.375000,-136.250000,0.000000,top
"R144","100Ω","R_0603_1608Metric",74.375000,-134.750000,0.000000,top
"R145","5.1kΩ","R_0603_1608Metric",97.375000,-142.450000,0.000000,top
"R146","5.1kΩ","R_0603_1608Metric",97.375000,-143.950000,0.000000,top
"R147","1kΩ","R_0603_1608Metric",97.375000,-140.750000,0.000000,top
"R148","1kΩ","R_0603_1608Metric",97.375000,-139.250000,0.000000,top
"R149","10kΩ","R_0603_1608Metric",90.625000,-143.750000,0.000000,top
"R150","100Ω","R_0603_1608Metric",97.375000,-137.750000,180.000000,top
"R151","100Ω","R_0603_1608Metric",97.375000,-136.250000,0.000000,top
"R152","100Ω","R_0603_1608Metric",97.375000,-134.750000,0.000000,top
"R153","5.1kΩ","R_0603_1608Metric",120.375000,-142.450000,0.000000,top
"R154","5.1kΩ","R_0603_1608Metric",120.375000,-143.950000,0.000000,top
"R155","1kΩ","R_0603_1608Metric",120.375000,-140.750000,0.000000,top
"R156","1kΩ","R_0603_1608Metric",120.375000,-139.250000,0.000000,top
"R157","10kΩ","R_0603_1608Metric",113.625000,-143.750000,0.000000,top
"R158","100Ω","R_0603_1608Metric",120.375000,-137.750000,180.000000,top
"R159","100Ω","R_0603_1608Metric",120.375000,-136.250000,0.000000,top
"R160","100Ω","R_0603_1608Metric",120.375000,-134.750000,0.000000,top
"R161","5.1kΩ","R_0603_1608Metric",143.375000,-142.450000,0.000000,top
"R162","5.1kΩ","R_0603_1608Metric",143.375000,-143.950000,0.000000,top
"R163","1kΩ","R_0603_1608Metric",143.375000,-140.750000,0.000000,top
"R164","1kΩ","R_0603_1608Metric",143.375000,-139.250000,0.000000,top
"R165","10kΩ","R_0603_1608Metric",136.625000,-143.750000,0.000000,top
"R166","100Ω","R_0603_1608Metric",143.375000,-137.750000,180.000000,top
"R167","100Ω","R_0603_1608Metric",143.375000,-136.250000,0.000000,top
"R168","100Ω","R_0603_1608Metric",143.375000,-134.750000,0.000000,top
"R169","5.1kΩ","R_0603_1608Metric",74.375000,-153.950000,0.000000,top
"R170","5.1kΩ","R_0603_1608Metric",74.375000,-155.450000,0.000000,top
"R171","1kΩ","R_0603_1608Metric",74.375000,-152.250000,0.000000,top
"R172","1kΩ","R_0603_1608Metric",74.375000,-150.750000,0.000000,top
"R173","10kΩ","R_0603_1608Metric",67.625000,-155.250000,0.000000,top
"R174","100Ω","R_0603_1608Metric",74.375000,-149.250000,180.000000,top
"R175","100Ω","R_0603_1608Metric",74.375000,-147.750000,0.000000,top
"R176","100Ω","R_0603_1608Metric",74.375000,-146.250000,0.000000,top
"R177","5.1kΩ","R_0603_1608Metric",97.375000,-153.950000,0.000000,top
"R178","5.1kΩ","R_0603_1608Metric",97.375000,-155.450000,0.000000,top
"R179","1kΩ","R_0603_1608Metric",97.375000,-152.250000,0.000000,top
"R180","1kΩ","R_0603_1608Metric",97.375000,-150.750000,0.000000,top
"R181","10kΩ","R_0603_1608Metric",90.625000,-155.250000,0.000000,top
"R182","100Ω","R_0603_1608Metric",97.375000,-149.250000,180.000000,top
"R183","100Ω","R_0603_1608Metric",97.375000,-147.750000,0.000000,top
"R184","100Ω","R_0603_1608Metric",97.375000,-146.250000,0.000000,top
"R185","5.1kΩ","R_0603_1608Metric",120.375000,-153.950000,0.000000,top
"R186","5.1kΩ","R_0603_1608Metric",120.375000,-155.450000,0.000000,top
"R187","1kΩ","R_0603_1608Metric",120.375000,-152.250000,0.000000,top
"R188","1kΩ","R_0603_1608Metric",120.375000,-150.750000,0.000000,top
"R189","10kΩ","R_0603_1608Metric",113.625000,-155.250000,0.000000,top
"R190","100Ω","R_0603_1608Metric",120.375000,-149.250000,180.000000,top
"R191","100Ω","R_0603_1608Metric",120.375000,-147.750000,0.000000,top
"R192","100Ω","R_0603_1608Metric",120.375000,-146.250000,0.000000,top
"R193","5.1kΩ","R_0603_1608Metric",143.375000,-153.950000,0.000000,top
"R194","5.1kΩ","R_0603_1608Metric",143.375000,-155.450000,0.000000,top
"R195","1kΩ","R_0603_1608Metric",143.375000,-152.250000,0.000000,top
"R196","1kΩ","R_0603_1608Metric",143.375000,-150.750000,0.000000,top
"R197","10kΩ","R_0603_1608Metric",136.625000,-155.250000,0.000000,top
"R198","100Ω","R_0603_1608Metric",143.375000,-149.250000,180.000000,top
"R199","100Ω","R_0603_1608Metric",143.375000,-147.750000,0.000000,top
"R200","100Ω","R_0603_1608Metric",143.375000,-146.250000,0.000000,top
"R201","5.1kΩ","R_0603_1608Metric",74.375000,-165.450000,0.000000,top
"R202","5.1kΩ","R_0603_1608Metric",74.375000,-166.950000,0.000000,top
"R203","1kΩ","R_0603_1608Metric",74.375000,-163.750000,0.000000,top
"R204","1kΩ","R_0603_1608Metric",74.375000,-162.250000,0.000000,top
"R205","10kΩ","R_0603_1608Metric",67.625000,-166.750000,0.000000,top
"R206","100Ω","R_0603_1608Metric",74.375000,-160.750000,180.000000,top
"R207","100Ω","R_0603_1608Metric",74.375000,-159.250000,0.000000,top
"R208","100Ω","R_0603_1608Metric",74.375000,-157.750000,0.000000,top
"R209","5.1kΩ","R_0603_1608Metric",97.375000,-165.450000,0.000000,top
"R210","5.1kΩ","R_0603_1608Metric",97.375000,-166.950000,0.000000,top
"R211","1kΩ","R_0603_1608Metric",97.375000,-163.750000,0.000000,top
"R212","1kΩ","R_0603_1608Metric",97.375000,-162.250000,0.000000,top
"R213","10kΩ","R_0603_1608Metric",90.625000,-166.750000,0.000000,top
"R214","100Ω","R_0603_1608Metric",97.375000,-160.750000,180.000000,top
"R215","100Ω","R_0603_1608Metric",97.375000,-159.250000,0.000000,top
"R216","100Ω","R_0603_1608Metric",97.375000,-157.750000,0.000000,top
"R217","5.1kΩ","R_0603_1608Metric",120.375000,-165.450000,0.000000,top
"R218","5.1kΩ","R_0603_1608Metric",120.375000,-166.950000,0.000000,top
"R219","1kΩ","R_0603_1608Metric",120.375000,-163.750000,0.000000,top
"R220","1kΩ","R_0603_1608Metric",120.375000,-162.250000,0.000000,top
"R221","10kΩ","R_0603_1608Metric",113.625000,-166.750000,0.000000,top
"R222","100Ω","R_0603_1608Metric",120.375000,-160.750000,180.000000,top
"R223","100Ω","R_0603_1608Metric",120.375000,-159.250000,0.000000,top
"R224","100Ω","R_0603_1608Metric",120.375000,-157.750000,0.000000,top
"R225","5.1kΩ","R_0603_1608Metric",143.375000,-165.450000,0.000000,top
"R226","5.1kΩ","R_0603_1608Metric",143.375000,-166.950000,0.000000,top
"R227","1kΩ","R_0603_1608Metric",143.375000,-163.750000,0.000000,top
"R228","1kΩ","R_0603_1608Metric",143.375000,-162.250000,0.000000,top
"R229","10kΩ","R_0603_1608Metric",136.625000,-166.750000,0.000000,top
"R230","100Ω","R_0603_1608Metric",143.375000,-160.750000,180.000000,top
"R231","100Ω","R_0603_1608Metric",143.375000,-159.250000,0.000000,top
"R232","100Ω","R_0603_1608Metric",143.375000,-157.750000,0.000000,top
"R233","5.1kΩ","R_0603_1608Metric",74.375000,-176.950000,0.000000,top
"R234","5.1kΩ","R_0603_1608Metric",74.375000,-178.450000,0.000000,top
"R235","1kΩ","R_0603_1608Metric",74.375000,-175.250000,0.000000,top
"R236","1kΩ","R_0603_1608Metric",74.375000,-173.750000,0.000000,top
"R237","10kΩ","R_0603_1608Metric",67.625000,-178.250000,0.000000,top
"R238","100Ω","R_0603_1608Metric",74.375000,-172.250000,180.000000,top
"R239","100Ω","R_0603_1608Metric",74.375000,-170.750000,0.000000,top
"R240","100Ω","R_0603_1608Metric",74.375000,-169.250000,0.000000,top
"R241","5.1kΩ","R_0603_1608Metric",97.375000,-176.950000,0.000000,top
"R242","5.1kΩ","R_0603_1608Metric",97.375000,-178.450000,0.000000,top
"R243","1kΩ","R_0603_1608Metric",97.375000,-175.250000,0.000000,top
"R244","1kΩ","R_0603_1608Metric",97.375000,-173.750000,0.000000,top
"R245","10kΩ","R_0603_1608Metric",90.625000,-178.250000,0.000000,top
"R246","100Ω","R_0603_1608Metric",97.375000,-172.250000,180.000000,top
"R247","100Ω","R_0603_1608Metric",97.375000,-170.750000,0.000000,top
"R248","100Ω","R_0603_1608Metric",97.375000,-169.250000,0.000000,top
"R249","5.1kΩ","R_0603_1608Metric",120.375000,-176.950000,0.000000,top
"R250","5.1kΩ","R_0603_1608Metric",120.375000,-178.450000,0.000000,top
"R251","1kΩ","R_0603_1608Metric",120.375000,-175.250000,0.000000,top
"R252","1kΩ","R_0603_1608Metric",120.375000,-173.750000,0.000000,top
"R253","10kΩ","R_0603_1608Metric",113.625000,-178.250000,0.000000,top
"R254","100Ω","R_0603_1608Metric",120.375000,-172.250000,180.000000,top
"R255","100Ω","R_0603_1608Metric",120.375000,-170.750000,0.000000,top
"R256","100Ω","R_0603_1608Metric",120.375000,-169.250000,0.000000,top
"U1","CH552E","MSOP-10_3x3mm_P0.5mm",136.950000,-173.750000,-90.000000,top
"U2","CH552E","MSOP-10_3x3mm_P0.5mm",67.950000,-93.250000,-90.000000,top
"U3","CH552E","MSOP-10_3x3mm_P0.5mm",90.950000,-93.250000,-90.000000,top
"U4","CH552E","MSOP-10_3x3mm_P0.5mm",113.950000,-93.250000,-90.000000,top
"U5","CH552E","MSOP-10_3x3mm_P0.5mm",136.950000,-93.250000,-90.000000,top
"U6","CH552E","MSOP-10_3x3mm_P0.5mm",67.950000,-104.750000,-90.000000,top
"U7","CH552E","MSOP-10_3x3mm_P0.5mm",90.950000,-104.750000,-90.000000,top
"U8","CH552E","MSOP-10_3x3mm_P0.5mm",113.950000,-104.750000,-90.000000,top
"U9","CH552E","MSOP-10_3x3mm_P0.5mm",136.950000,-104.750000,-90.000000,top
"U10","CH552E","MSOP-10_3x3mm_P0.5mm",67.950000,-116.250000,-90.000000,top
"U11","CH552E","MSOP-10_3x3mm_P0.5mm",90.950000,-116.250000,-90.000000,top
"U12","CH552E","MSOP-10_3x3mm_P0.5mm",113.950000,-116.250000,-90.000000,top
"U13","CH552E","MSOP-10_3x3mm_P0.5mm",136.950000,-116.250000,-90.000000,top
"U14","CH552E","MSOP-10_3x3mm_P0.5mm",67.950000,-127.750000,-90.000000,top
"U15","CH552E","MSOP-10_3x3mm_P0.5mm",90.950000,-127.750000,-90.000000,top
"U16","CH552E","MSOP-10_3x3mm_P0.5mm",113.950000,-127.750000,-90.000000,top
"U17","CH552E","MSOP-10_3x3mm_P0.5mm",136.950000,-127.750000,-90.000000,top
"U18","CH552E","MSOP-10_3x3mm_P0.5mm",67.950000,-139.250000,-90.000000,top
"U19","CH552E","MSOP-10_3x3mm_P0.5mm",90.950000,-139.250000,-90.000000,top
"U20","CH552E","MSOP-10_3x3mm_P0.5mm",113.950000,-139.250000,-90.000000,top
"U21","CH552E","MSOP-10_3x3mm_P0.5mm",136.950000,-139.250000,-90.000000,top
"U22","CH552E","MSOP-10_3x3mm_P0.5mm",67.950000,-150.750000,-90.000000,top
"U23","CH552E","MSOP-10_3x3mm_P0.5mm",90.950000,-150.750000,-90.000000,top
"U24","CH552E","MSOP-10_3x3mm_P0.5mm",113.950000,-150.750000,-90.000000,top
"U25","CH552E","MSOP-10_3x3mm_P0.5mm",136.950000,-150.750000,-90.000000,top
"U26","CH552E","MSOP-10_3x3mm_P0.5mm",67.950000,-162.250000,-90.000000,top
"U27","CH552E","MSOP-10_3x3mm_P0.5mm",90.950000,-162.250000,-90.000000,top
"U28","CH552E","MSOP-10_3x3mm_P0.5mm",113.950000,-162.250000,-90.000000,top
"U29","CH552E","MSOP-10_3x3mm_P0.5mm",136.950000,-162.250000,-90.000000,top
"U30","CH552E","MSOP-10_3x3mm_P0.5mm",67.950000,-173.750000,-90.000000,top
"U31","CH552E","MSOP-10_3x3mm_P0.5mm",90.950000,-173.750000,-90.000000,top
"U32","CH552E","MSOP-10_3x3mm_P0.5mm",113.950000,-173.750000,-90.000000,top
